ID,name,insert_date,obtain_price,quantity,room_ID,actorID
1,Who's That Knocking at My Door?,2011-01-01,1123338,15,1,AA
2,Designated Mourner,2011-01-02,1123338,7,2,AA
3,Million Dollar Mermaid,2011-01-03,1123338,16,3,AA
4,Dark House,2011-01-04,1123338,8,4,AA
5,Green Wave,2011-01-05,1123338,17,5,AA
6,Who's That Knocking at My Door?,2011-01-06,1123338,9,6,AA
7,Designated Mourner,2011-01-07,1123338,18,7,AA
8,Million Dollar Mermaid,2011-01-08,1123338,10,8,AA
9,Dark House,2011-01-09,1123338,19,9,AA
10,Green Wave,2011-01-10,1123338,11,10,AA
11,Who's That Knocking at My Door?,2011-01-11,1123338,20,11,AA
12,Designated Mourner,2011-01-12,1123338,12,12,AA
13,Million Dollar Mermaid,2011-01-13,1123338,21,1,AA
14,Dark House,2011-01-14,1123338,1,2,AA
15,Green Wave,2011-01-15,1123338,22,3,AA
16,Who's That Knocking at My Door?,2011-01-16,1123338,2,4,AA
17,Designated Mourner,2011-01-17,1123338,23,5,AA
18,Million Dollar Mermaid,2011-01-18,1123338,3,6,AA
19,Dark House,2011-01-19,1123338,24,7,AA
20,Green Wave,2011-01-20,1123338,4,8,AA
21,Who's That Knocking at My Door?,2011-01-21,1123338,25,9,AA
22,Designated Mourner,2011-01-22,1123338,5,10,AA
23,Million Dollar Mermaid,2011-01-23,1123338,26,11,AA
24,Dark House,2011-01-24,1123338,6,12,AA
25,Green Wave,2011-01-25,1123338,27,1,AA
26,Who's That Knocking at My Door?,2011-01-26,1123338,7,2,AA
27,Designated Mourner,2011-01-27,1123338,28,3,AA
28,Million Dollar Mermaid,2011-01-28,1123338,8,4,AA
29,Dark House,2011-01-29,1123338,29,5,AA
30,Green Wave,2011-01-30,1123338,9,6,AA
31,Who's That Knocking at My Door?,2011-01-31,1123338,30,7,AA
32,Designated Mourner,2011-02-01,1123338,10,8,AA
33,Million Dollar Mermaid,2011-02-02,1123338,31,9,AA
34,Dark House,2011-02-03,1123338,11,10,AA
35,Green Wave,2011-02-04,1123338,32,11,AA
36,Who's That Knocking at My Door?,2011-02-05,1123338,12,12,AA
37,Designated Mourner,2011-02-06,1123338,33,1,AA
38,Million Dollar Mermaid,2011-02-07,1123338,1,2,AA
39,Dark House,2011-02-08,1123338,34,3,AA
40,Green Wave,2011-02-09,1123338,2,4,AA
41,Who's That Knocking at My Door?,2011-02-10,1123338,35,5,AA
42,Designated Mourner,2011-02-11,1123338,3,6,AA
43,Million Dollar Mermaid,2011-02-12,1123338,36,7,AA
44,Dark House,2011-02-13,1123338,4,8,AA
45,Green Wave,2011-02-14,1123338,37,9,AA
46,Who's That Knocking at My Door?,2011-02-15,1123338,5,10,AA
47,Designated Mourner,2011-02-16,1123338,38,11,AA
48,Million Dollar Mermaid,2011-02-17,1123338,6,12,AA
49,Dark House,2011-02-18,1123338,39,1,AA
50,Green Wave,2011-02-19,1123338,7,2,AA
51,Who's That Knocking at My Door?,2011-02-20,1123338,40,3,AA
52,Designated Mourner,2011-02-21,1123338,8,4,AA
53,Million Dollar Mermaid,2011-02-22,1123338,41,5,AA
54,Dark House,2011-02-23,1123338,9,6,AA
55,Green Wave,2011-02-24,1123338,42,7,AA
56,Who's That Knocking at My Door?,2011-02-25,1123338,10,8,AA
57,Designated Mourner,2011-02-26,1123338,43,9,AA
58,Million Dollar Mermaid,2011-02-27,1123338,11,10,AA
59,Dark House,2011-02-28,1123338,44,11,AA
60,Green Wave,2011-03-01,1123338,12,12,AA
61,Who's That Knocking at My Door?,2011-03-02,1123338,45,1,AA
62,Designated Mourner,2011-03-03,1123338,1,2,AA
63,Million Dollar Mermaid,2011-03-04,1123338,46,3,AA
64,Dark House,2011-03-05,1123338,2,4,AA
65,Green Wave,2011-03-06,1123338,47,5,AA
66,Who's That Knocking at My Door?,2011-03-07,1123338,3,6,AA
67,Designated Mourner,2011-03-08,1123338,48,7,AA
68,Million Dollar Mermaid,2011-03-09,1123338,4,8,AA
69,Dark House,2011-03-10,1123338,49,9,AA
70,Green Wave,2011-03-11,1123338,5,10,AA
71,Who's That Knocking at My Door?,2011-03-12,1123338,50,11,AA
72,Designated Mourner,2011-03-13,1123338,6,12,AA
73,Million Dollar Mermaid,2011-03-14,1123338,51,1,AA
74,Dark House,2011-03-15,1123338,7,2,AA
75,Green Wave,2011-03-16,1123338,52,3,AA
76,Who's That Knocking at My Door?,2011-03-17,1123338,8,4,AA
77,Designated Mourner,2011-03-18,1123338,53,5,AA
78,Million Dollar Mermaid,2011-03-19,1123338,9,6,AA
79,Dark House,2011-03-20,1123338,54,7,AA
80,Green Wave,2011-03-21,1123338,10,8,AA
81,Who's That Knocking at My Door?,2011-03-22,1123338,55,9,AA
82,Designated Mourner,2011-03-23,1123338,11,10,AA
83,Million Dollar Mermaid,2011-03-24,1123338,56,11,AA
84,Dark House,2011-03-25,1123338,12,12,AA
85,Green Wave,2011-03-26,1123338,57,1,AA
86,Who's That Knocking at My Door?,2011-03-27,1123338,1,2,AA
87,Designated Mourner,2011-03-28,1123338,58,3,AA
88,Million Dollar Mermaid,2011-03-29,1123338,2,4,AA
89,Dark House,2011-03-30,1123338,59,5,AA
90,Green Wave,2011-03-31,1123338,3,6,AA
91,Who's That Knocking at My Door?,2011-04-01,1123338,60,7,AA
92,Designated Mourner,2011-04-02,1123338,4,8,AA
93,Million Dollar Mermaid,2011-04-03,1123338,61,9,AA
94,Dark House,2011-04-04,1123338,5,10,AA
95,Green Wave,2011-04-05,1123338,62,11,AA
96,Who's That Knocking at My Door?,2011-04-06,1123338,6,12,AA
97,Designated Mourner,2011-04-07,1123338,63,1,AA
98,Million Dollar Mermaid,2011-04-08,1123338,7,2,AA
99,Dark House,2011-04-09,1123338,64,3,AA
100,Green Wave,2011-04-10,1123338,8,4,AA
101,Who's That Knocking at My Door?,2011-04-11,1123338,65,5,AA
102,Designated Mourner,2011-04-12,1123338,9,6,AA
103,Million Dollar Mermaid,2011-04-13,1123338,66,7,AA
104,Dark House,2011-04-14,1123338,10,8,AA
105,Green Wave,2011-04-15,1123338,67,9,AA
106,Who's That Knocking at My Door?,2011-04-16,1123338,11,10,AA
107,Designated Mourner,2011-04-17,1123338,68,11,AA
108,Million Dollar Mermaid,2011-04-18,1123338,12,12,AA
109,Dark House,2011-04-19,1123338,69,1,AA
110,Green Wave,2011-04-20,1123338,1,2,AA
111,Who's That Knocking at My Door?,2011-04-21,1123338,70,3,AA
112,Designated Mourner,2011-04-22,1123338,2,4,AA
113,Million Dollar Mermaid,2011-04-23,1123338,71,5,AA
114,Dark House,2011-04-24,1123338,3,6,AA
115,Green Wave,2011-04-25,1123338,72,7,AA
116,Who's That Knocking at My Door?,2011-04-26,1123338,4,8,AA
117,Designated Mourner,2011-04-27,1123338,73,9,AA
118,Million Dollar Mermaid,2011-04-28,1123338,5,10,AA
119,Dark House,2011-04-29,1123338,74,11,AA
120,Green Wave,2011-04-30,1123338,6,12,AA
121,Who's That Knocking at My Door?,2011-05-01,1123338,75,1,AA
122,Designated Mourner,2011-05-02,1123338,7,2,AA
123,Million Dollar Mermaid,2011-05-03,1123338,76,3,AA
124,Dark House,2011-05-04,1123338,8,4,AA
125,Green Wave,2011-05-05,1123338,77,5,AA
126,Who's That Knocking at My Door?,2011-05-06,1123338,9,6,AA
127,Designated Mourner,2011-05-07,1123338,78,7,AA
128,Million Dollar Mermaid,2011-05-08,1123338,10,8,AA
129,Dark House,2011-05-09,1123338,79,9,AA
130,Green Wave,2011-05-10,1123338,11,10,AA
131,Who's That Knocking at My Door?,2011-05-11,1123338,80,11,AA
132,Designated Mourner,2011-05-12,1123338,12,12,AA
133,Million Dollar Mermaid,2011-05-13,1123338,81,1,AA
134,Dark House,2011-05-14,1123338,1,2,AA
135,Green Wave,2011-05-15,1123338,82,3,AA
136,Who's That Knocking at My Door?,2011-05-16,1123338,2,4,AA
137,Designated Mourner,2011-05-17,1123338,83,5,AA
138,Million Dollar Mermaid,2011-05-18,1123338,3,6,AA
139,Dark House,2011-05-19,1123338,84,7,AA
140,Green Wave,2011-05-20,1123338,4,8,AA
141,Who's That Knocking at My Door?,2011-05-21,1123338,85,9,AA
142,Designated Mourner,2011-05-22,1123338,5,10,AA
143,Million Dollar Mermaid,2011-05-23,1123338,86,11,AA
144,Dark House,2011-05-24,1123338,6,12,AA
145,Green Wave,2011-05-25,1123338,87,1,AA
146,Who's That Knocking at My Door?,2011-05-26,1123338,7,2,AA
147,Designated Mourner,2011-05-27,1123338,88,3,AA
148,Million Dollar Mermaid,2011-05-28,1123338,8,4,AA
149,Dark House,2011-05-29,1123338,89,5,AA
150,Green Wave,2011-05-30,1123338,9,6,AA
151,Who's That Knocking at My Door?,2011-05-31,1123338,90,7,AA
152,Designated Mourner,2011-06-01,1123338,10,8,AA
153,Million Dollar Mermaid,2011-06-02,1123338,91,9,AA
154,Dark House,2011-06-03,1123338,11,10,AA
155,Green Wave,2011-06-04,1123338,92,11,AA
156,Who's That Knocking at My Door?,2011-06-05,1123338,12,12,AA
157,Designated Mourner,2011-06-06,1123338,93,1,AA
158,Million Dollar Mermaid,2011-06-07,1123338,1,2,AA
159,Dark House,2011-06-08,1123338,94,3,AA
160,Green Wave,2011-06-09,1123338,2,4,AA
161,Who's That Knocking at My Door?,2011-06-10,1123338,95,5,AA
162,Designated Mourner,2011-06-11,1123338,3,6,AA
163,Million Dollar Mermaid,2011-06-12,1123338,96,7,AA
164,Dark House,2011-06-13,1123338,4,8,AA
165,Green Wave,2011-06-14,1123338,97,9,AA
166,Who's That Knocking at My Door?,2011-06-15,1123338,5,10,AA
167,Designated Mourner,2011-06-16,1123338,98,11,AA
168,Million Dollar Mermaid,2011-06-17,1123338,6,12,AA
169,Dark House,2011-06-18,1123338,99,1,AA
170,Green Wave,2011-06-19,1123338,7,2,AA
171,Who's That Knocking at My Door?,2011-06-20,1123338,100,3,AA
172,Designated Mourner,2011-06-21,1123338,8,4,AA
173,Million Dollar Mermaid,2011-06-22,1123338,101,5,AA
174,Dark House,2011-06-23,1123338,9,6,AA
175,Green Wave,2011-06-24,1123338,102,7,AA
176,Who's That Knocking at My Door?,2011-06-25,1123338,10,8,AA
177,Designated Mourner,2011-06-26,1123338,103,9,AA
178,Million Dollar Mermaid,2011-06-27,1123338,11,10,AA
179,Dark House,2011-06-28,1123338,104,11,AA
180,Green Wave,2011-06-29,1123338,12,12,AA
181,Who's That Knocking at My Door?,2011-06-30,1123338,105,1,AA
182,Designated Mourner,2011-07-01,1123338,1,2,AA
183,Million Dollar Mermaid,2011-07-02,1123338,106,3,AA
184,Dark House,2011-07-03,1123338,2,4,AA
185,Green Wave,2011-07-04,1123338,107,5,AA
186,Who's That Knocking at My Door?,2011-07-05,1123338,3,6,AA
187,Designated Mourner,2011-07-06,1123338,108,7,AA
188,Million Dollar Mermaid,2011-07-07,1123338,4,8,AA
189,Dark House,2011-07-08,1123338,109,9,AA
190,Green Wave,2011-07-09,1123338,5,10,AA
191,Who's That Knocking at My Door?,2011-07-10,1123338,110,11,AA
192,Designated Mourner,2011-07-11,1123338,6,12,AA
193,Million Dollar Mermaid,2011-07-12,1123338,111,1,AA
194,Dark House,2011-07-13,1123338,7,2,AA
195,Green Wave,2011-07-14,1123338,112,3,AA
196,Who's That Knocking at My Door?,2011-07-15,1123338,8,4,AA
197,Designated Mourner,2011-07-16,1123338,113,5,AA
198,Million Dollar Mermaid,2011-07-17,1123338,9,6,AA
199,Dark House,2011-07-18,1123338,114,7,AA
200,Green Wave,2011-07-19,1123338,10,8,AA
201,Who's That Knocking at My Door?,2011-07-20,1123338,115,9,AA
202,Designated Mourner,2011-07-21,1123338,11,10,AA
203,Million Dollar Mermaid,2011-07-22,1123338,116,11,AA
204,Dark House,2011-07-23,1123338,12,12,AA
205,Green Wave,2011-07-24,1123338,117,1,AA
206,Who's That Knocking at My Door?,2011-07-25,1123338,1,2,AA
207,Designated Mourner,2011-07-26,1123338,118,3,AA
208,Million Dollar Mermaid,2011-07-27,1123338,2,4,AA
209,Dark House,2011-07-28,1123338,119,5,AA
210,Green Wave,2011-07-29,1123338,3,6,AA
211,Who's That Knocking at My Door?,2011-07-30,1123338,120,7,AA
212,Designated Mourner,2011-07-31,1123338,4,8,AA
213,Million Dollar Mermaid,2011-08-01,1123338,121,9,AA
214,Dark House,2011-08-02,1123338,5,10,AA
215,Green Wave,2011-08-03,1123338,122,11,AA
216,Who's That Knocking at My Door?,2011-08-04,1123338,6,12,AA
217,Designated Mourner,2011-08-05,1123338,123,1,AA
218,Million Dollar Mermaid,2011-08-06,1123338,7,2,AA
219,Dark House,2011-08-07,1123338,124,3,AA
220,Green Wave,2011-08-08,1123338,8,4,AA
221,Who's That Knocking at My Door?,2011-08-09,1123338,125,5,AA
222,Designated Mourner,2011-08-10,1123338,9,6,AA
223,Million Dollar Mermaid,2011-08-11,1123338,126,7,AA
224,Dark House,2011-08-12,1123338,10,8,AA
225,Green Wave,2011-08-13,1123338,127,9,AA
226,Who's That Knocking at My Door?,2011-08-14,1123338,11,10,AA
227,Designated Mourner,2011-08-15,1123338,128,11,AA
228,Million Dollar Mermaid,2011-08-16,1123338,12,12,AA
229,Dark House,2011-08-17,1123338,129,1,AA
230,Green Wave,2011-08-18,1123338,1,2,AA
231,Who's That Knocking at My Door?,2011-08-19,1123338,130,3,AA
232,Designated Mourner,2011-08-20,1123338,2,4,AA
233,Million Dollar Mermaid,2011-08-21,1123338,131,5,AA
234,Dark House,2011-08-22,1123338,3,6,AA
235,Green Wave,2011-08-23,1123338,132,7,AA
236,Who's That Knocking at My Door?,2011-08-24,1123338,4,8,AA
237,Designated Mourner,2011-08-25,1123338,133,9,AA
238,Million Dollar Mermaid,2011-08-26,1123338,5,10,AA
239,Dark House,2011-08-27,1123338,134,11,AA
240,Green Wave,2011-08-28,1123338,6,12,AA
241,Who's That Knocking at My Door?,2011-08-29,1123338,135,1,AA
242,Designated Mourner,2011-08-30,1123338,7,2,AA
243,Million Dollar Mermaid,2011-08-31,1123338,136,3,AA
244,Dark House,2011-09-01,1123338,8,4,AA
245,Green Wave,2011-09-02,1123338,137,5,AA
246,Who's That Knocking at My Door?,2011-09-03,1123338,9,6,AA
247,Designated Mourner,2011-09-04,1123338,138,7,AA
248,Million Dollar Mermaid,2011-09-05,1123338,10,8,AA
249,Dark House,2011-09-06,1123338,139,9,AA
250,Green Wave,2011-09-07,1123338,11,10,AA
251,Who's That Knocking at My Door?,2011-09-08,1123338,140,11,AA
252,Designated Mourner,2011-09-09,1123338,12,12,AA
253,Million Dollar Mermaid,2011-09-10,1123338,141,1,AA
254,Dark House,2011-09-11,1123338,1,2,AA
255,Green Wave,2011-09-12,1123338,142,3,AA
256,Who's That Knocking at My Door?,2011-09-13,1123338,2,4,AA
257,Designated Mourner,2011-09-14,1123338,143,5,AA
258,Million Dollar Mermaid,2011-09-15,1123338,3,6,AA
259,Dark House,2011-09-16,1123338,144,7,AA
260,Green Wave,2011-09-17,1123338,4,8,AA
261,Who's That Knocking at My Door?,2011-09-18,1123338,145,9,AA
262,Designated Mourner,2011-09-19,1123338,5,10,AA
263,Million Dollar Mermaid,2011-09-20,1123338,146,11,AA
264,Dark House,2011-09-21,1123338,6,12,AA
265,Green Wave,2011-09-22,1123338,147,1,AA
266,Who's That Knocking at My Door?,2011-09-23,1123338,7,2,AA
267,Designated Mourner,2011-09-24,1123338,148,3,AA
268,Million Dollar Mermaid,2011-09-25,1123338,8,4,AA
269,Dark House,2011-09-26,1123338,149,5,AA
270,Green Wave,2011-09-27,1123338,9,6,AA
271,Who's That Knocking at My Door?,2011-09-28,1123338,150,7,AA
272,Designated Mourner,2011-09-29,1123338,10,8,AA
273,Million Dollar Mermaid,2011-09-30,1123338,151,9,AA
274,Dark House,2011-10-01,1123338,11,10,AA
275,Green Wave,2011-10-02,1123338,152,11,AA
276,Who's That Knocking at My Door?,2011-10-03,1123338,12,12,AA
277,Designated Mourner,2011-10-04,1123338,153,1,AA
278,Million Dollar Mermaid,2011-10-05,1123338,1,2,AA
279,Dark House,2011-10-06,1123338,154,3,AA
280,Green Wave,2011-10-07,1123338,2,4,AA
281,Who's That Knocking at My Door?,2011-10-08,1123338,155,5,AA
282,Designated Mourner,2011-10-09,1123338,3,6,AA
283,Million Dollar Mermaid,2011-10-10,1123338,156,7,AA
284,Dark House,2011-10-11,1123338,4,8,AA
285,Green Wave,2011-10-12,1123338,157,9,AA
286,Who's That Knocking at My Door?,2011-10-13,1123338,5,10,AA
287,Designated Mourner,2011-10-14,1123338,158,11,AA
288,Million Dollar Mermaid,2011-10-15,1123338,6,12,AA
289,Dark House,2011-10-16,1123338,159,1,AA
290,Green Wave,2011-10-17,1123338,7,2,AA
291,Who's That Knocking at My Door?,2011-10-18,1123338,160,3,AA
292,Designated Mourner,2011-10-19,1123338,8,4,AA
293,Million Dollar Mermaid,2011-10-20,1123338,161,5,AA
294,Dark House,2011-10-21,1123338,9,6,AA
295,Green Wave,2011-10-22,1123338,162,7,AA
296,Who's That Knocking at My Door?,2011-10-23,1123338,10,8,AA
297,Designated Mourner,2011-10-24,1123338,163,9,AA
298,Million Dollar Mermaid,2011-10-25,1123338,11,10,AA
299,Dark House,2011-10-26,1123338,164,11,AA
300,Green Wave,2011-10-27,1123338,12,12,AA
301,Who's That Knocking at My Door?,2011-10-28,1123338,165,1,AA
302,Designated Mourner,2011-10-29,1123338,1,2,AA
303,Million Dollar Mermaid,2011-10-30,1123338,166,3,AA
304,Dark House,2011-10-31,1123338,2,4,AA
305,Green Wave,2011-11-01,1123338,167,5,AA
306,Who's That Knocking at My Door?,2011-11-02,1123338,3,6,AA
307,Designated Mourner,2011-11-03,1123338,168,7,AA
308,Million Dollar Mermaid,2011-11-04,1123338,4,8,AA
309,Dark House,2011-11-05,1123338,169,9,AA
310,Green Wave,2011-11-06,1123338,5,10,AA
311,Who's That Knocking at My Door?,2011-11-07,1123338,170,11,AA
312,Designated Mourner,2011-11-08,1123338,6,12,AA
313,Million Dollar Mermaid,2011-11-09,1123338,171,1,AA
314,Dark House,2011-11-10,1123338,7,2,AA
315,Green Wave,2011-11-11,1123338,172,3,AA
316,Who's That Knocking at My Door?,2011-11-12,1123338,8,4,AA
317,Designated Mourner,2011-11-13,1123338,173,5,AA
318,Million Dollar Mermaid,2011-11-14,1123338,9,6,AA
319,Dark House,2011-11-15,1123338,174,7,AA
320,Green Wave,2011-11-16,1123338,10,8,AA
321,Who's That Knocking at My Door?,2011-11-17,1123338,175,9,AA
322,Designated Mourner,2011-11-18,1123338,11,10,AA
323,Million Dollar Mermaid,2011-11-19,1123338,176,11,AA
324,Dark House,2011-11-20,1123338,12,12,AA
325,Green Wave,2011-11-21,1123338,177,1,AA
326,Who's That Knocking at My Door?,2011-11-22,1123338,1,2,AA
327,Designated Mourner,2011-11-23,1123338,178,3,AA
328,Million Dollar Mermaid,2011-11-24,1123338,2,4,AA
329,Dark House,2011-11-25,1123338,179,5,AA
330,Green Wave,2011-11-26,1123338,3,6,AA
331,Who's That Knocking at My Door?,2011-11-27,1123338,180,7,AA
332,Designated Mourner,2011-11-28,1123338,4,8,AA
333,Million Dollar Mermaid,2011-11-29,1123338,181,9,AA
334,Dark House,2011-11-30,1123338,5,10,AA
335,Green Wave,2011-12-01,1123338,182,11,AA
336,Who's That Knocking at My Door?,2011-12-02,1123338,6,12,AA
337,Designated Mourner,2011-12-03,1123338,183,1,AA
338,Million Dollar Mermaid,2011-12-04,1123338,7,2,AA
339,Dark House,2011-12-05,1123338,184,3,AA
340,Green Wave,2011-12-06,1123338,8,4,AA
341,Who's That Knocking at My Door?,2011-12-07,1123338,185,5,AA
342,Designated Mourner,2011-12-08,1123338,9,6,AA
343,Million Dollar Mermaid,2011-12-09,1123338,186,7,AA
344,Dark House,2011-12-10,1123338,10,8,AA
345,Green Wave,2011-12-11,1123338,187,9,AA
346,Who's That Knocking at My Door?,2011-12-12,1123338,11,10,AA
347,Designated Mourner,2011-12-13,1123338,188,11,AA
348,Million Dollar Mermaid,2011-12-14,1123338,12,12,AA
349,Dark House,2011-12-15,1123338,189,1,AA
350,Green Wave,2011-12-16,1123338,1,2,AA
351,Who's That Knocking at My Door?,2011-12-17,1123338,190,3,AA
352,Designated Mourner,2011-12-18,1123338,2,4,AA
353,Million Dollar Mermaid,2011-12-19,1123338,191,5,AA
354,Dark House,2011-12-20,1123338,3,6,AA
355,Green Wave,2011-12-21,1123338,192,7,AA
356,Who's That Knocking at My Door?,2011-12-22,1123338,4,8,AA
357,Designated Mourner,2011-12-23,1123338,193,9,AA
358,Million Dollar Mermaid,2011-12-24,1123338,5,10,AA
359,Dark House,2011-12-25,1123338,194,11,AA
360,Green Wave,2011-12-26,1123338,6,12,AA
361,Who's That Knocking at My Door?,2011-12-27,1123338,195,1,AA
362,Designated Mourner,2011-12-28,1123338,7,2,AA
363,Million Dollar Mermaid,2011-12-29,1123338,196,3,AA
364,Dark House,2011-12-30,1123338,8,4,AA
365,Green Wave,2011-12-31,1123338,197,5,AA
366,Who's That Knocking at My Door?,2012-01-01,1123338,9,6,AA
367,Designated Mourner,2012-01-02,1123338,198,7,AA
368,Million Dollar Mermaid,2012-01-03,1123338,10,8,AA
369,Dark House,2012-01-04,1123338,199,9,AA
370,Green Wave,2012-01-05,1123338,11,10,AA
371,Who's That Knocking at My Door?,2012-01-06,1123338,200,11,AA
372,Designated Mourner,2012-01-07,1123338,12,12,AA
373,Million Dollar Mermaid,2012-01-08,1123338,201,1,AA
374,Dark House,2012-01-09,1123338,1,2,AA
375,Green Wave,2012-01-10,1123338,202,3,AA
376,Who's That Knocking at My Door?,2012-01-11,1123338,2,4,AA
377,Designated Mourner,2012-01-12,1123338,203,5,AA
378,Million Dollar Mermaid,2012-01-13,1123338,3,6,AA
379,Dark House,2012-01-14,1123338,204,7,AA
380,Green Wave,2012-01-15,1123338,4,8,AA
381,Who's That Knocking at My Door?,2012-01-16,1123338,205,9,AA
382,Designated Mourner,2012-01-17,1123338,5,10,AA
383,Million Dollar Mermaid,2012-01-18,1123338,206,11,AA
384,Dark House,2012-01-19,1123338,6,12,AA
385,Green Wave,2012-01-20,1123338,207,1,AA
386,Who's That Knocking at My Door?,2012-01-21,1123338,7,2,AA
387,Designated Mourner,2012-01-22,1123338,208,3,AA
388,Million Dollar Mermaid,2012-01-23,1123338,8,4,AA
389,Dark House,2012-01-24,1123338,209,5,AA
390,Green Wave,2012-01-25,1123338,9,6,AA
391,Who's That Knocking at My Door?,2012-01-26,1123338,210,7,AA
392,Designated Mourner,2012-01-27,1123338,10,8,AA
393,Million Dollar Mermaid,2012-01-28,1123338,211,9,AA
394,Dark House,2012-01-29,1123338,11,10,AA
395,Green Wave,2012-01-30,1123338,212,11,AA
396,Who's That Knocking at My Door?,2012-01-31,1123338,12,12,AA
397,Designated Mourner,2012-02-01,1123338,213,1,AA
398,Million Dollar Mermaid,2012-02-02,1123338,1,2,AA
399,Dark House,2012-02-03,1123338,214,3,AA
400,Green Wave,2012-02-04,1123338,2,4,AA
401,Who's That Knocking at My Door?,2012-02-05,1123338,215,5,AA
402,Designated Mourner,2012-02-06,1123338,3,6,AA
403,Million Dollar Mermaid,2012-02-07,1123338,216,7,AA
404,Dark House,2012-02-08,1123338,4,8,AA
405,Green Wave,2012-02-09,1123338,217,9,AA
406,Who's That Knocking at My Door?,2012-02-10,1123338,5,10,AA
407,Designated Mourner,2012-02-11,1123338,218,11,AA
408,Million Dollar Mermaid,2012-02-12,1123338,6,12,AA
409,Dark House,2012-02-13,1123338,219,1,AA
410,Green Wave,2012-02-14,1123338,7,2,AA
411,Who's That Knocking at My Door?,2012-02-15,1123338,220,3,AA
412,Designated Mourner,2012-02-16,1123338,8,4,AA
413,Million Dollar Mermaid,2012-02-17,1123338,221,5,AA
414,Dark House,2012-02-18,1123338,9,6,AA
415,Green Wave,2012-02-19,1123338,222,7,AA
416,Who's That Knocking at My Door?,2012-02-20,1123338,10,8,AA
417,Designated Mourner,2012-02-21,1123338,223,9,AA
418,Million Dollar Mermaid,2012-02-22,1123338,11,10,AA
419,Dark House,2012-02-23,1123338,224,11,AA
420,Green Wave,2012-02-24,1123338,12,12,AA
421,Who's That Knocking at My Door?,2012-02-25,1123338,225,1,AA
422,Designated Mourner,2012-02-26,1123338,1,2,AA
423,Million Dollar Mermaid,2012-02-27,1123338,226,3,AA
424,Dark House,2012-02-28,1123338,2,4,AA
425,Green Wave,2012-02-29,1123338,227,5,AA
426,Who's That Knocking at My Door?,2012-03-01,1123338,3,6,AA
427,Designated Mourner,2012-03-02,1123338,228,7,AA
428,Million Dollar Mermaid,2012-03-03,1123338,4,8,AA
429,Dark House,2012-03-04,1123338,229,9,AA
430,Green Wave,2012-03-05,1123338,5,10,AA
431,Who's That Knocking at My Door?,2012-03-06,1123338,230,11,AA
432,Designated Mourner,2012-03-07,1123338,6,12,AA
433,Million Dollar Mermaid,2012-03-08,1123338,231,1,AA
434,Dark House,2012-03-09,1123338,7,2,AA
435,Green Wave,2012-03-10,1123338,232,3,AA
436,Who's That Knocking at My Door?,2012-03-11,1123338,8,4,AA
437,Designated Mourner,2012-03-12,1123338,233,5,AA
438,Million Dollar Mermaid,2012-03-13,1123338,9,6,AA
439,Dark House,2012-03-14,1123338,234,7,AA
440,Green Wave,2012-03-15,1123338,10,8,AA
441,Who's That Knocking at My Door?,2012-03-16,1123338,235,9,AA
442,Designated Mourner,2012-03-17,1123338,11,10,AA
443,Million Dollar Mermaid,2012-03-18,1123338,236,11,AA
444,Dark House,2012-03-19,1123338,12,12,AA
445,Green Wave,2012-03-20,1123338,237,1,AA
446,Who's That Knocking at My Door?,2012-03-21,1123338,1,2,AA
447,Designated Mourner,2012-03-22,1123338,238,3,AA
448,Million Dollar Mermaid,2012-03-23,1123338,2,4,AA
449,Dark House,2012-03-24,1123338,239,5,AA
450,Green Wave,2012-03-25,1123338,3,6,AA
451,Who's That Knocking at My Door?,2012-03-26,1123338,240,7,AA
452,Designated Mourner,2012-03-27,1123338,4,8,AA
453,Million Dollar Mermaid,2012-03-28,1123338,241,9,AA
454,Dark House,2012-03-29,1123338,5,10,AA
455,Green Wave,2012-03-30,1123338,242,11,AA
456,Who's That Knocking at My Door?,2012-03-31,1123338,6,12,AA
457,Designated Mourner,2012-04-01,1123338,243,1,AA
458,Million Dollar Mermaid,2012-04-02,1123338,7,2,AA
459,Dark House,2012-04-03,1123338,244,3,AA
460,Green Wave,2012-04-04,1123338,8,4,AA
461,Who's That Knocking at My Door?,2012-04-05,1123338,245,5,AA
462,Designated Mourner,2012-04-06,1123338,9,6,AA
463,Million Dollar Mermaid,2012-04-07,1123338,246,7,AA
464,Dark House,2012-04-08,1123338,10,8,AA
465,Green Wave,2012-04-09,1123338,247,9,AA
466,Who's That Knocking at My Door?,2012-04-10,1123338,11,10,AA
467,Designated Mourner,2012-04-11,1123338,248,11,AA
468,Million Dollar Mermaid,2012-04-12,1123338,12,12,AA
469,Dark House,2012-04-13,1123338,249,1,AA
470,Green Wave,2012-04-14,1123338,1,2,AA
471,Who's That Knocking at My Door?,2012-04-15,1123338,250,3,AA
472,Designated Mourner,2012-04-16,1123338,2,4,AA
473,Million Dollar Mermaid,2012-04-17,1123338,251,5,AA
474,Dark House,2012-04-18,1123338,3,6,AA
475,Green Wave,2012-04-19,1123338,252,7,AA
476,Who's That Knocking at My Door?,2012-04-20,1123338,4,8,AA
477,Designated Mourner,2012-04-21,1123338,253,9,AA
478,Million Dollar Mermaid,2012-04-22,1123338,5,10,AA
479,Dark House,2012-04-23,1123338,254,11,AA
480,Green Wave,2012-04-24,1123338,6,12,AA
481,Who's That Knocking at My Door?,2012-04-25,1123338,255,1,AA
482,Designated Mourner,2012-04-26,1123338,7,2,AA
483,Million Dollar Mermaid,2012-04-27,1123338,256,3,AA
484,Dark House,2012-04-28,1123338,8,4,AA
485,Green Wave,2012-04-29,1123338,257,5,AA
486,Who's That Knocking at My Door?,2012-04-30,1123338,9,6,AA
487,Designated Mourner,2012-05-01,1123338,258,7,AA
488,Million Dollar Mermaid,2012-05-02,1123338,10,8,AA
489,Dark House,2012-05-03,1123338,259,9,AA
490,Green Wave,2012-05-04,1123338,11,10,AA
491,Who's That Knocking at My Door?,2012-05-05,1123338,260,11,AA
492,Designated Mourner,2012-05-06,1123338,12,12,AA
493,Million Dollar Mermaid,2012-05-07,1123338,261,1,AA
494,Dark House,2012-05-08,1123338,1,2,AA
495,Green Wave,2012-05-09,1123338,262,3,AA
496,Who's That Knocking at My Door?,2012-05-10,1123338,2,4,AA
497,Designated Mourner,2012-05-11,1123338,263,5,AA
498,Million Dollar Mermaid,2012-05-12,1123338,3,6,AA
499,Dark House,2012-05-13,1123338,264,7,AA
500,Green Wave,2012-05-14,1123338,4,8,AA
501,Who's That Knocking at My Door?,2012-05-15,1123338,265,9,AA
502,Designated Mourner,2012-05-16,1123338,5,10,AA
503,Million Dollar Mermaid,2012-05-17,1123338,266,11,AA
504,Dark House,2012-05-18,1123338,6,12,AA
505,Green Wave,2012-05-19,1123338,267,1,AA
506,Who's That Knocking at My Door?,2012-05-20,1123338,7,2,AA
507,Designated Mourner,2012-05-21,1123338,268,3,AA
508,Million Dollar Mermaid,2012-05-22,1123338,8,4,AA
509,Dark House,2012-05-23,1123338,269,5,AA
510,Green Wave,2012-05-24,1123338,9,6,AA
511,Who's That Knocking at My Door?,2012-05-25,1123338,270,7,AA
512,Designated Mourner,2012-05-26,1123338,10,8,AA
513,Million Dollar Mermaid,2012-05-27,1123338,271,9,AA
514,Dark House,2012-05-28,1123338,11,10,AA
515,Green Wave,2012-05-29,1123338,272,11,AA
516,Who's That Knocking at My Door?,2012-05-30,1123338,12,12,AA
517,Designated Mourner,2012-05-31,1123338,273,1,AA
518,Million Dollar Mermaid,2012-06-01,1123338,1,2,AA
519,Dark House,2012-06-02,1123338,274,3,AA
520,Green Wave,2012-06-03,1123338,2,4,AA
521,Who's That Knocking at My Door?,2012-06-04,1123338,275,5,AA
522,Designated Mourner,2012-06-05,1123338,3,6,AA
523,Million Dollar Mermaid,2012-06-06,1123338,276,7,AA
524,Dark House,2012-06-07,1123338,4,8,AA
525,Green Wave,2012-06-08,1123338,277,9,AA
526,Who's That Knocking at My Door?,2012-06-09,1123338,5,10,AA
527,Designated Mourner,2012-06-10,1123338,278,11,AA
528,Million Dollar Mermaid,2012-06-11,1123338,6,12,AA
529,Dark House,2012-06-12,1123338,279,1,AA
530,Green Wave,2012-06-13,1123338,7,2,AA
531,Who's That Knocking at My Door?,2012-06-14,1123338,280,3,AA
532,Designated Mourner,2012-06-15,1123338,8,4,AA
533,Million Dollar Mermaid,2012-06-16,1123338,281,5,AA
534,Dark House,2012-06-17,1123338,9,6,AA
535,Green Wave,2012-06-18,1123338,282,7,AA
536,Who's That Knocking at My Door?,2012-06-19,1123338,10,8,AA
537,Designated Mourner,2012-06-20,1123338,283,9,AA
538,Million Dollar Mermaid,2012-06-21,1123338,11,10,AA
539,Dark House,2012-06-22,1123338,284,11,AA
540,Green Wave,2012-06-23,1123338,12,12,AA
541,Who's That Knocking at My Door?,2012-06-24,1123338,285,1,AA
542,Designated Mourner,2012-06-25,1123338,1,2,AA
543,Million Dollar Mermaid,2012-06-26,1123338,286,3,AA
544,Dark House,2012-06-27,1123338,2,4,AA
545,Green Wave,2012-06-28,1123338,287,5,AA
546,Who's That Knocking at My Door?,2012-06-29,1123338,3,6,AA
547,Designated Mourner,2012-06-30,1123338,288,7,AA
548,Million Dollar Mermaid,2012-07-01,1123338,4,8,AA
549,Dark House,2012-07-02,1123338,289,9,AA
550,Green Wave,2012-07-03,1123338,5,10,AA
551,Who's That Knocking at My Door?,2012-07-04,1123338,290,11,AA
552,Designated Mourner,2012-07-05,1123338,6,12,AA
553,Million Dollar Mermaid,2012-07-06,1123338,291,1,AA
554,Dark House,2012-07-07,1123338,7,2,AA
555,Green Wave,2012-07-08,1123338,292,3,AA
556,Who's That Knocking at My Door?,2012-07-09,1123338,8,4,AA
557,Designated Mourner,2012-07-10,1123338,293,5,AA
558,Million Dollar Mermaid,2012-07-11,1123338,9,6,AA
559,Dark House,2012-07-12,1123338,294,7,AA
560,Green Wave,2012-07-13,1123338,10,8,AA
561,Who's That Knocking at My Door?,2012-07-14,1123338,295,9,AA
562,Designated Mourner,2012-07-15,1123338,11,10,AA
563,Million Dollar Mermaid,2012-07-16,1123338,296,11,AA
564,Dark House,2012-07-17,1123338,12,12,AA
565,Green Wave,2012-07-18,1123338,297,1,AA
566,Who's That Knocking at My Door?,2012-07-19,1123338,1,2,AA
567,Designated Mourner,2012-07-20,1123338,298,3,AA
568,Million Dollar Mermaid,2012-07-21,1123338,2,4,AA
569,Dark House,2012-07-22,1123338,299,5,AA
570,Green Wave,2012-07-23,1123338,3,6,AA
571,Who's That Knocking at My Door?,2012-07-24,1123338,300,7,AA
572,Designated Mourner,2012-07-25,1123338,4,8,AA
573,Million Dollar Mermaid,2012-07-26,1123338,301,9,AA
574,Dark House,2012-07-27,1123338,5,10,AA
575,Green Wave,2012-07-28,1123338,302,11,AA
576,Who's That Knocking at My Door?,2012-07-29,1123338,6,12,AA
577,Designated Mourner,2012-07-30,1123338,303,1,AA
578,Million Dollar Mermaid,2012-07-31,1123338,7,2,AA
579,Dark House,2012-08-01,1123338,304,3,AA
580,Green Wave,2012-08-02,1123338,8,4,AA
581,Who's That Knocking at My Door?,2012-08-03,1123338,305,5,AA
582,Designated Mourner,2012-08-04,1123338,9,6,AA
583,Million Dollar Mermaid,2012-08-05,1123338,306,7,AA
584,Dark House,2012-08-06,1123338,10,8,AA
585,Green Wave,2012-08-07,1123338,307,9,AA
586,Who's That Knocking at My Door?,2012-08-08,1123338,11,10,AA
587,Designated Mourner,2012-08-09,1123338,308,11,AA
588,Million Dollar Mermaid,2012-08-10,1123338,12,12,AA
589,Dark House,2012-08-11,1123338,309,1,AA
590,Green Wave,2012-08-12,1123338,1,2,AA
591,Who's That Knocking at My Door?,2012-08-13,1123338,310,3,AA
592,Designated Mourner,2012-08-14,1123338,2,4,AA
593,Million Dollar Mermaid,2012-08-15,1123338,311,5,AA
594,Dark House,2012-08-16,1123338,3,6,AA
595,Green Wave,2012-08-17,1123338,312,7,AA
596,Who's That Knocking at My Door?,2012-08-18,1123338,4,8,AA
597,Designated Mourner,2012-08-19,1123338,313,9,AA
598,Million Dollar Mermaid,2012-08-20,1123338,5,10,AA
599,Dark House,2012-08-21,1123338,314,11,AA
600,Green Wave,2012-08-22,1123338,6,12,AA
601,Who's That Knocking at My Door?,2012-08-23,1123338,315,1,AA
602,Designated Mourner,2012-08-24,1123338,7,2,AA
603,Million Dollar Mermaid,2012-08-25,1123338,316,3,AA
604,Dark House,2012-08-26,1123338,8,4,AA
605,Green Wave,2012-08-27,1123338,317,5,AA
606,Who's That Knocking at My Door?,2012-08-28,1123338,9,6,AA
607,Designated Mourner,2012-08-29,1123338,318,7,AA
608,Million Dollar Mermaid,2012-08-30,1123338,10,8,AA
609,Dark House,2012-08-31,1123338,319,9,AA
610,Green Wave,2012-09-01,1123338,11,10,AA
611,Who's That Knocking at My Door?,2012-09-02,1123338,320,11,AA
612,Designated Mourner,2012-09-03,1123338,12,12,AA
613,Million Dollar Mermaid,2012-09-04,1123338,321,1,AA
614,Dark House,2012-09-05,1123338,1,2,AA
615,Green Wave,2012-09-06,1123338,322,3,AA
616,Who's That Knocking at My Door?,2012-09-07,1123338,2,4,AA
617,Designated Mourner,2012-09-08,1123338,323,5,AA
618,Million Dollar Mermaid,2012-09-09,1123338,3,6,AA
619,Dark House,2012-09-10,1123338,324,7,AA
620,Green Wave,2012-09-11,1123338,4,8,AA
621,Who's That Knocking at My Door?,2012-09-12,1123338,325,9,AA
622,Designated Mourner,2012-09-13,1123338,5,10,AA
623,Million Dollar Mermaid,2012-09-14,1123338,326,11,AA
624,Dark House,2012-09-15,1123338,6,12,AA
625,Green Wave,2012-09-16,1123338,327,1,AA
626,Who's That Knocking at My Door?,2012-09-17,1123338,7,2,AA
627,Designated Mourner,2012-09-18,1123338,328,3,AA
628,Million Dollar Mermaid,2012-09-19,1123338,8,4,AA
629,Dark House,2012-09-20,1123338,329,5,AA
630,Green Wave,2012-09-21,1123338,9,6,AA
631,Who's That Knocking at My Door?,2012-09-22,1123338,330,7,AA
632,Designated Mourner,2012-09-23,1123338,10,8,AA
633,Million Dollar Mermaid,2012-09-24,1123338,331,9,AA
634,Dark House,2012-09-25,1123338,11,10,AA
635,Green Wave,2012-09-26,1123338,332,11,AA
636,Who's That Knocking at My Door?,2012-09-27,1123338,12,12,AA
637,Designated Mourner,2012-09-28,1123338,333,1,AA
638,Million Dollar Mermaid,2012-09-29,1123338,1,2,AA
639,Dark House,2012-09-30,1123338,334,3,AA
640,Green Wave,2012-10-01,1123338,2,4,AA
641,Who's That Knocking at My Door?,2012-10-02,1123338,335,5,AA
642,Designated Mourner,2012-10-03,1123338,3,6,AA
643,Million Dollar Mermaid,2012-10-04,1123338,336,7,AA
644,Dark House,2012-10-05,1123338,4,8,AA
645,Green Wave,2012-10-06,1123338,337,9,AA
646,Who's That Knocking at My Door?,2012-10-07,1123338,5,10,AA
647,Designated Mourner,2012-10-08,1123338,338,11,AA
648,Million Dollar Mermaid,2012-10-09,1123338,6,12,AA
649,Dark House,2012-10-10,1123338,339,1,AA
650,Green Wave,2012-10-11,1123338,7,2,AA
651,Who's That Knocking at My Door?,2012-10-12,1123338,340,3,AA
652,Designated Mourner,2012-10-13,1123338,8,4,AA
653,Million Dollar Mermaid,2012-10-14,1123338,341,5,AA
654,Dark House,2012-10-15,1123338,9,6,AA
655,Green Wave,2012-10-16,1123338,342,7,AA
656,Who's That Knocking at My Door?,2012-10-17,1123338,10,8,AA
657,Designated Mourner,2012-10-18,1123338,343,9,AA
658,Million Dollar Mermaid,2012-10-19,1123338,11,10,AA
659,Dark House,2012-10-20,1123338,344,11,AA
660,Green Wave,2012-10-21,1123338,12,12,AA
661,Who's That Knocking at My Door?,2012-10-22,1123338,345,1,AA
662,Designated Mourner,2012-10-23,1123338,1,2,AA
663,Million Dollar Mermaid,2012-10-24,1123338,346,3,AA
664,Dark House,2012-10-25,1123338,2,4,AA
665,Green Wave,2012-10-26,1123338,347,5,AA
666,Who's That Knocking at My Door?,2012-10-27,1123338,3,6,AA
667,Designated Mourner,2012-10-28,1123338,348,7,AA
668,Million Dollar Mermaid,2012-10-29,1123338,4,8,AA
669,Dark House,2012-10-30,1123338,349,9,AA
670,Green Wave,2012-10-31,1123338,5,10,AA
671,Who's That Knocking at My Door?,2012-11-01,1123338,350,11,AA
672,Designated Mourner,2012-11-02,1123338,6,12,AA
673,Million Dollar Mermaid,2012-11-03,1123338,351,1,AA
674,Dark House,2012-11-04,1123338,7,2,AA
675,Green Wave,2012-11-05,1123338,352,3,AA
676,Who's That Knocking at My Door?,2012-11-06,1123338,8,4,AA
677,Designated Mourner,2012-11-07,1123338,353,5,AA
678,Million Dollar Mermaid,2012-11-08,1123338,9,6,AA
679,Dark House,2012-11-09,1123338,354,7,AA
680,Green Wave,2012-11-10,1123338,10,8,AA
681,Who's That Knocking at My Door?,2012-11-11,1123338,355,9,AA
682,Designated Mourner,2012-11-12,1123338,11,10,AA
683,Million Dollar Mermaid,2012-11-13,1123338,356,11,AA
684,Dark House,2012-11-14,1123338,12,12,AA
685,Green Wave,2012-11-15,1123338,357,1,AA
686,Who's That Knocking at My Door?,2012-11-16,1123338,1,2,AA
687,Designated Mourner,2012-11-17,1123338,358,3,AA
688,Million Dollar Mermaid,2012-11-18,1123338,2,4,AA
689,Dark House,2012-11-19,1123338,359,5,AA
690,Green Wave,2012-11-20,1123338,3,6,AA
691,Who's That Knocking at My Door?,2012-11-21,1123338,360,7,AA
692,Designated Mourner,2012-11-22,1123338,4,8,AA
693,Million Dollar Mermaid,2012-11-23,1123338,361,9,AA
694,Dark House,2012-11-24,1123338,5,10,AA
695,Green Wave,2012-11-25,1123338,362,11,AA
696,Who's That Knocking at My Door?,2012-11-26,1123338,6,12,AA
697,Designated Mourner,2012-11-27,1123338,363,1,AA
698,Million Dollar Mermaid,2012-11-28,1123338,7,2,AA
699,Dark House,2012-11-29,1123338,364,3,AA
700,Green Wave,2012-11-30,1123338,8,4,AA
701,Who's That Knocking at My Door?,2012-12-01,1123338,365,5,AA
702,Designated Mourner,2012-12-02,1123338,9,6,AA
703,Million Dollar Mermaid,2012-12-03,1123338,366,7,AA
704,Dark House,2012-12-04,1123338,10,8,AA
705,Green Wave,2012-12-05,1123338,367,9,AA
706,Who's That Knocking at My Door?,2012-12-06,1123338,11,10,AA
707,Designated Mourner,2012-12-07,1123338,368,11,AA
708,Million Dollar Mermaid,2012-12-08,1123338,12,12,AA
709,Dark House,2012-12-09,1123338,369,1,AA
710,Green Wave,2012-12-10,1123338,1,2,AA
711,Who's That Knocking at My Door?,2012-12-11,1123338,370,3,AA
712,Designated Mourner,2012-12-12,1123338,2,4,AA
713,Million Dollar Mermaid,2012-12-13,1123338,371,5,AA
714,Dark House,2012-12-14,1123338,3,6,AA
715,Green Wave,2012-12-15,1123338,372,7,AA
716,Who's That Knocking at My Door?,2012-12-16,1123338,4,8,AA
717,Designated Mourner,2012-12-17,1123338,373,9,AA
718,Million Dollar Mermaid,2012-12-18,1123338,5,10,AA
719,Dark House,2012-12-19,1123338,374,11,AA
720,Green Wave,2012-12-20,1123338,6,12,AA
721,Who's That Knocking at My Door?,2012-12-21,1123338,375,1,AA
722,Designated Mourner,2012-12-22,1123338,7,2,AA
723,Million Dollar Mermaid,2012-12-23,1123338,376,3,AA
724,Dark House,2012-12-24,1123338,8,4,AA
725,Green Wave,2012-12-25,1123338,377,5,AA
726,Who's That Knocking at My Door?,2012-12-26,1123338,9,6,AA
727,Designated Mourner,2012-12-27,1123338,378,7,AA
728,Million Dollar Mermaid,2012-12-28,1123338,10,8,AA
729,Dark House,2012-12-29,1123338,379,9,AA
730,Green Wave,2012-12-30,1123338,11,10,AA
731,Who's That Knocking at My Door?,2012-12-31,1123338,380,11,AA
732,Designated Mourner,2013-01-01,1123338,12,12,AA
733,Million Dollar Mermaid,2013-01-02,1123338,381,1,AA
734,Dark House,2013-01-03,1123338,1,2,AA
735,Green Wave,2013-01-04,1123338,382,3,AA
736,Who's That Knocking at My Door?,2013-01-05,1123338,2,4,AA
737,Designated Mourner,2013-01-06,1123338,383,5,AA
738,Million Dollar Mermaid,2013-01-07,1123338,3,6,AA
739,Dark House,2013-01-08,1123338,384,7,AA
740,Green Wave,2013-01-09,1123338,4,8,AA
741,Who's That Knocking at My Door?,2013-01-10,1123338,385,9,AA
742,Designated Mourner,2013-01-11,1123338,5,10,AA
743,Million Dollar Mermaid,2013-01-12,1123338,386,11,AA
744,Dark House,2013-01-13,1123338,6,12,AA
745,Green Wave,2013-01-14,1123338,387,1,AA
746,Who's That Knocking at My Door?,2013-01-15,1123338,7,2,AA
747,Designated Mourner,2013-01-16,1123338,388,3,AA
748,Million Dollar Mermaid,2013-01-17,1123338,8,4,AA
749,Dark House,2013-01-18,1123338,389,5,AA
750,Green Wave,2013-01-19,1123338,9,6,AA
751,Who's That Knocking at My Door?,2013-01-20,1123338,390,7,AA
752,Designated Mourner,2013-01-21,1123338,10,8,AA
753,Million Dollar Mermaid,2013-01-22,1123338,391,9,AA
754,Dark House,2013-01-23,1123338,11,10,AA
755,Green Wave,2013-01-24,1123338,392,11,AA
756,Who's That Knocking at My Door?,2013-01-25,1123338,12,12,AA
757,Designated Mourner,2013-01-26,1123338,393,1,AA
758,Million Dollar Mermaid,2013-01-27,1123338,1,2,AA
759,Dark House,2013-01-28,1123338,394,3,AA
760,Green Wave,2013-01-29,1123338,2,4,AA
761,Who's That Knocking at My Door?,2013-01-30,1123338,395,5,AA
762,Designated Mourner,2013-01-31,1123338,3,6,AA
763,Million Dollar Mermaid,2013-02-01,1123338,396,7,AA
764,Dark House,2013-02-02,1123338,4,8,AA
765,Green Wave,2013-02-03,1123338,397,9,AA
766,Who's That Knocking at My Door?,2013-02-04,1123338,5,10,AA
767,Designated Mourner,2013-02-05,1123338,398,11,AA
768,Million Dollar Mermaid,2013-02-06,1123338,6,12,AA
769,Dark House,2013-02-07,1123338,399,1,AA
770,Green Wave,2013-02-08,1123338,7,2,AA
771,Who's That Knocking at My Door?,2013-02-09,1123338,400,3,AA
772,Designated Mourner,2013-02-10,1123338,8,4,AA
773,Million Dollar Mermaid,2013-02-11,1123338,401,5,AA
774,Dark House,2013-02-12,1123338,9,6,AA
775,Green Wave,2013-02-13,1123338,402,7,AA
776,Who's That Knocking at My Door?,2013-02-14,1123338,10,8,AA
777,Designated Mourner,2013-02-15,1123338,403,9,AA
778,Million Dollar Mermaid,2013-02-16,1123338,11,10,AA
779,Dark House,2013-02-17,1123338,404,11,AA
780,Green Wave,2013-02-18,1123338,12,12,AA
781,Who's That Knocking at My Door?,2013-02-19,1123338,405,1,AA
782,Designated Mourner,2013-02-20,1123338,1,2,AA
783,Million Dollar Mermaid,2013-02-21,1123338,406,3,AA
784,Dark House,2013-02-22,1123338,2,4,AA
785,Green Wave,2013-02-23,1123338,407,5,AA
786,Who's That Knocking at My Door?,2013-02-24,1123338,3,6,AA
787,Designated Mourner,2013-02-25,1123338,408,7,AA
788,Million Dollar Mermaid,2013-02-26,1123338,4,8,AA
789,Dark House,2013-02-27,1123338,409,9,AA
790,Green Wave,2013-02-28,1123338,5,10,AA
791,Who's That Knocking at My Door?,2013-03-01,1123338,410,11,AA
792,Designated Mourner,2013-03-02,1123338,6,12,AA
793,Million Dollar Mermaid,2013-03-03,1123338,411,1,AA
794,Dark House,2013-03-04,1123338,7,2,AA
795,Green Wave,2013-03-05,1123338,412,3,AA
796,Who's That Knocking at My Door?,2013-03-06,1123338,8,4,AA
797,Designated Mourner,2013-03-07,1123338,413,5,AA
798,Million Dollar Mermaid,2013-03-08,1123338,9,6,AA
799,Dark House,2013-03-09,1123338,414,7,AA
800,Green Wave,2013-03-10,1123338,10,8,AA
801,Who's That Knocking at My Door?,2013-03-11,1123338,415,9,AA
802,Designated Mourner,2013-03-12,1123338,11,10,AA
803,Million Dollar Mermaid,2013-03-13,1123338,416,11,AA
804,Dark House,2013-03-14,1123338,12,12,AA
805,Green Wave,2013-03-15,1123338,417,1,AA
806,Who's That Knocking at My Door?,2013-03-16,1123338,1,2,AA
807,Designated Mourner,2013-03-17,1123338,418,3,AA
808,Million Dollar Mermaid,2013-03-18,1123338,2,4,AA
809,Dark House,2013-03-19,1123338,419,5,AA
810,Green Wave,2013-03-20,1123338,3,6,AA
811,Who's That Knocking at My Door?,2013-03-21,1123338,420,7,AA
812,Designated Mourner,2013-03-22,1123338,4,8,AA
813,Million Dollar Mermaid,2013-03-23,1123338,421,9,AA
814,Dark House,2013-03-24,1123338,5,10,AA
815,Green Wave,2013-03-25,1123338,422,11,AA
816,Who's That Knocking at My Door?,2013-03-26,1123338,6,12,AA
817,Designated Mourner,2013-03-27,1123338,423,1,AA
818,Million Dollar Mermaid,2013-03-28,1123338,7,2,AA
819,Dark House,2013-03-29,1123338,424,3,AA
820,Green Wave,2013-03-30,1123338,8,4,AA
821,Who's That Knocking at My Door?,2013-03-31,1123338,425,5,AA
822,Designated Mourner,2013-04-01,1123338,9,6,AA
823,Million Dollar Mermaid,2013-04-02,1123338,426,7,AA
824,Dark House,2013-04-03,1123338,10,8,AA
825,Green Wave,2013-04-04,1123338,427,9,AA
826,Who's That Knocking at My Door?,2013-04-05,1123338,11,10,AA
827,Designated Mourner,2013-04-06,1123338,428,11,AA
828,Million Dollar Mermaid,2013-04-07,1123338,12,12,AA
829,Dark House,2013-04-08,1123338,429,1,AA
830,Green Wave,2013-04-09,1123338,1,2,AA
831,Who's That Knocking at My Door?,2013-04-10,1123338,430,3,AA
832,Designated Mourner,2013-04-11,1123338,2,4,AA
833,Million Dollar Mermaid,2013-04-12,1123338,431,5,AA
834,Dark House,2013-04-13,1123338,3,6,AA
835,Green Wave,2013-04-14,1123338,432,7,AA
836,Who's That Knocking at My Door?,2013-04-15,1123338,4,8,AA
837,Designated Mourner,2013-04-16,1123338,433,9,AA
838,Million Dollar Mermaid,2013-04-17,1123338,5,10,AA
839,Dark House,2013-04-18,1123338,434,11,AA
840,Green Wave,2013-04-19,1123338,6,12,AA
841,Who's That Knocking at My Door?,2013-04-20,1123338,435,1,AA
842,Designated Mourner,2013-04-21,1123338,7,2,AA
843,Million Dollar Mermaid,2013-04-22,1123338,436,3,AA
844,Dark House,2013-04-23,1123338,8,4,AA
845,Green Wave,2013-04-24,1123338,437,5,AA
846,Who's That Knocking at My Door?,2013-04-25,1123338,9,6,AA
847,Designated Mourner,2013-04-26,1123338,438,7,AA
848,Million Dollar Mermaid,2013-04-27,1123338,10,8,AA
849,Dark House,2013-04-28,1123338,439,9,AA
850,Green Wave,2013-04-29,1123338,11,10,AA
851,Who's That Knocking at My Door?,2013-04-30,1123338,440,11,AA
852,Designated Mourner,2013-05-01,1123338,12,12,AA
853,Million Dollar Mermaid,2013-05-02,1123338,441,1,AA
854,Dark House,2013-05-03,1123338,1,2,AA
855,Green Wave,2013-05-04,1123338,442,3,AA
856,Who's That Knocking at My Door?,2013-05-05,1123338,2,4,AA
857,Designated Mourner,2013-05-06,1123338,443,5,AA
858,Million Dollar Mermaid,2013-05-07,1123338,3,6,AA
859,Dark House,2013-05-08,1123338,444,7,AA
860,Green Wave,2013-05-09,1123338,4,8,AA
861,Who's That Knocking at My Door?,2013-05-10,1123338,445,9,AA
862,Designated Mourner,2013-05-11,1123338,5,10,AA
863,Million Dollar Mermaid,2013-05-12,1123338,446,11,AA
864,Dark House,2013-05-13,1123338,6,12,AA
865,Green Wave,2013-05-14,1123338,447,1,AA
866,Who's That Knocking at My Door?,2013-05-15,1123338,7,2,AA
867,Designated Mourner,2013-05-16,1123338,448,3,AA
868,Million Dollar Mermaid,2013-05-17,1123338,8,4,AA
869,Dark House,2013-05-18,1123338,449,5,AA
870,Green Wave,2013-05-19,1123338,9,6,AA
871,Who's That Knocking at My Door?,2013-05-20,1123338,450,7,AA
872,Designated Mourner,2013-05-21,1123338,10,8,AA
873,Million Dollar Mermaid,2013-05-22,1123338,451,9,AA
874,Dark House,2013-05-23,1123338,11,10,AA
875,Green Wave,2013-05-24,1123338,452,11,AA
876,Who's That Knocking at My Door?,2013-05-25,1123338,12,12,AA
877,Designated Mourner,2013-05-26,1123338,453,1,AA
878,Million Dollar Mermaid,2013-05-27,1123338,1,2,AA
879,Dark House,2013-05-28,1123338,454,3,AA
880,Green Wave,2013-05-29,1123338,2,4,AA
881,Who's That Knocking at My Door?,2013-05-30,1123338,455,5,AA
882,Designated Mourner,2013-05-31,1123338,3,6,AA
883,Million Dollar Mermaid,2013-06-01,1123338,456,7,AA
884,Dark House,2013-06-02,1123338,4,8,AA
885,Green Wave,2013-06-03,1123338,457,9,AA
886,Who's That Knocking at My Door?,2013-06-04,1123338,5,10,AA
887,Designated Mourner,2013-06-05,1123338,458,11,AA
888,Million Dollar Mermaid,2013-06-06,1123338,6,12,AA
889,Dark House,2013-06-07,1123338,459,1,AA
890,Green Wave,2013-06-08,1123338,7,2,AA
891,Who's That Knocking at My Door?,2013-06-09,1123338,460,3,AA
892,Designated Mourner,2013-06-10,1123338,8,4,AA
893,Million Dollar Mermaid,2013-06-11,1123338,461,5,AA
894,Dark House,2013-06-12,1123338,9,6,AA
895,Green Wave,2013-06-13,1123338,462,7,AA
896,Who's That Knocking at My Door?,2013-06-14,1123338,10,8,AA
897,Designated Mourner,2013-06-15,1123338,463,9,AA
898,Million Dollar Mermaid,2013-06-16,1123338,11,10,AA
899,Dark House,2013-06-17,1123338,464,11,AA
900,Green Wave,2013-06-18,1123338,12,12,AA
901,Who's That Knocking at My Door?,2013-06-19,1123338,465,1,AA
902,Designated Mourner,2013-06-20,1123338,1,2,AA
903,Million Dollar Mermaid,2013-06-21,1123338,466,3,AA
904,Dark House,2013-06-22,1123338,2,4,AA
905,Green Wave,2013-06-23,1123338,467,5,AA
906,Who's That Knocking at My Door?,2013-06-24,1123338,3,6,AA
907,Designated Mourner,2013-06-25,1123338,468,7,AA
908,Million Dollar Mermaid,2013-06-26,1123338,4,8,AA
909,Dark House,2013-06-27,1123338,469,9,AA
910,Green Wave,2013-06-28,1123338,5,10,AA
911,Who's That Knocking at My Door?,2013-06-29,1123338,470,11,AA
912,Designated Mourner,2013-06-30,1123338,6,12,AA
913,Million Dollar Mermaid,2013-07-01,1123338,471,1,AA
914,Dark House,2013-07-02,1123338,7,2,AA
915,Green Wave,2013-07-03,1123338,472,3,AA
916,Who's That Knocking at My Door?,2013-07-04,1123338,8,4,AA
917,Designated Mourner,2013-07-05,1123338,473,5,AA
918,Million Dollar Mermaid,2013-07-06,1123338,9,6,AA
919,Dark House,2013-07-07,1123338,474,7,AA
920,Green Wave,2013-07-08,1123338,10,8,AA
921,Who's That Knocking at My Door?,2013-07-09,1123338,475,9,AA
922,Designated Mourner,2013-07-10,1123338,11,10,AA
923,Million Dollar Mermaid,2013-07-11,1123338,476,11,AA
924,Dark House,2013-07-12,1123338,12,12,AA
925,Green Wave,2013-07-13,1123338,477,1,AA
926,Who's That Knocking at My Door?,2013-07-14,1123338,1,2,AA
927,Designated Mourner,2013-07-15,1123338,478,3,AA
928,Million Dollar Mermaid,2013-07-16,1123338,2,4,AA
929,Dark House,2013-07-17,1123338,479,5,AA
930,Green Wave,2013-07-18,1123338,3,6,AA
931,Who's That Knocking at My Door?,2013-07-19,1123338,480,7,AA
932,Designated Mourner,2013-07-20,1123338,4,8,AA
933,Million Dollar Mermaid,2013-07-21,1123338,481,9,AA
934,Dark House,2013-07-22,1123338,5,10,AA
935,Green Wave,2013-07-23,1123338,482,11,AA
936,Who's That Knocking at My Door?,2013-07-24,1123338,6,12,AA
937,Designated Mourner,2013-07-25,1123338,483,1,AA
938,Million Dollar Mermaid,2013-07-26,1123338,7,2,AA
939,Dark House,2013-07-27,1123338,484,3,AA
940,Green Wave,2013-07-28,1123338,8,4,AA
941,Who's That Knocking at My Door?,2013-07-29,1123338,485,5,AA
942,Designated Mourner,2013-07-30,1123338,9,6,AA
943,Million Dollar Mermaid,2013-07-31,1123338,486,7,AA
944,Dark House,2013-08-01,1123338,10,8,AA
945,Green Wave,2013-08-02,1123338,487,9,AA
946,Who's That Knocking at My Door?,2013-08-03,1123338,11,10,AA
947,Designated Mourner,2013-08-04,1123338,488,11,AA
948,Million Dollar Mermaid,2013-08-05,1123338,12,12,AA
949,Dark House,2013-08-06,1123338,489,1,AA
950,Green Wave,2013-08-07,1123338,1,2,AA
951,Who's That Knocking at My Door?,2013-08-08,1123338,490,3,AA
952,Designated Mourner,2013-08-09,1123338,2,4,AA
953,Million Dollar Mermaid,2013-08-10,1123338,491,5,AA
954,Dark House,2013-08-11,1123338,3,6,AA
955,Green Wave,2013-08-12,1123338,492,7,AA
956,Who's That Knocking at My Door?,2013-08-13,1123338,4,8,AA
957,Designated Mourner,2013-08-14,1123338,493,9,AA
958,Million Dollar Mermaid,2013-08-15,1123338,5,10,AA
959,Dark House,2013-08-16,1123338,494,11,AA
960,Green Wave,2013-08-17,1123338,6,12,AA
961,Who's That Knocking at My Door?,2013-08-18,1123338,495,1,AA
962,Designated Mourner,2013-08-19,1123338,7,2,AA
963,Million Dollar Mermaid,2013-08-20,1123338,496,3,AA
964,Dark House,2013-08-21,1123338,8,4,AA
965,Green Wave,2013-08-22,1123338,497,5,AA
966,Who's That Knocking at My Door?,2013-08-23,1123338,9,6,AA
967,Designated Mourner,2013-08-24,1123338,498,7,AA
968,Million Dollar Mermaid,2013-08-25,1123338,10,8,AA
969,Dark House,2013-08-26,1123338,499,9,AA
970,Green Wave,2013-08-27,1123338,11,10,AA
971,Who's That Knocking at My Door?,2013-08-28,1123338,500,11,AA
972,Designated Mourner,2013-08-29,1123338,12,12,AA
973,Million Dollar Mermaid,2013-08-30,1123338,501,1,AA
974,Dark House,2013-08-31,1123338,1,2,AA
975,Green Wave,2013-09-01,1123338,502,3,AA
976,Who's That Knocking at My Door?,2013-09-02,1123338,2,4,AA
977,Designated Mourner,2013-09-03,1123338,503,5,AA
978,Million Dollar Mermaid,2013-09-04,1123338,3,6,AA
979,Dark House,2013-09-05,1123338,504,7,AA
980,Green Wave,2013-09-06,1123338,4,8,AA
981,Who's That Knocking at My Door?,2013-09-07,1123338,505,9,AA
982,Designated Mourner,2013-09-08,1123338,5,10,AA
983,Million Dollar Mermaid,2013-09-09,1123338,506,11,AA
984,Dark House,2013-09-10,1123338,6,12,AA
985,Green Wave,2013-09-11,1123338,507,1,AA
986,Who's That Knocking at My Door?,2013-09-12,1123338,7,2,AA
987,Designated Mourner,2013-09-13,1123338,508,3,AA
988,Million Dollar Mermaid,2013-09-14,1123338,8,4,AA
989,Dark House,2013-09-15,1123338,509,5,AA
990,Green Wave,2013-09-16,1123338,9,6,AA
991,Who's That Knocking at My Door?,2013-09-17,1123338,510,7,AA
992,Designated Mourner,2013-09-18,1123338,10,8,AA
993,Million Dollar Mermaid,2013-09-19,1123338,511,9,AA
994,Dark House,2013-09-20,1123338,11,10,AA
995,Green Wave,2013-09-21,1123338,512,11,AA
996,Who's That Knocking at My Door?,2013-09-22,1123338,12,12,AA
997,Designated Mourner,2013-09-23,1123338,513,1,AA
998,Million Dollar Mermaid,2013-09-24,1123338,1,2,AA
999,Dark House,2013-09-25,1123338,514,3,AA
1000,Green Wave,2013-09-26,1123338,2,4,AA